,cpm_strc,fullseq,cpm_ctrl
5387596,0.0424913150938796,GGAAGGGATGACTATGTCCGGTACCTGTAAGGCATGCGGAGTGCTGC,
5387597,1.31723076791027,GGAAGGGATGACTATGTCCGGTACCTGTAAGGCATGCGGAGTGTTGC,0.2921861248990497
5387598,14.022133980980293,GGAAGGGATGACTATGTCCGGTACCTGTAAGGCATGCGGAGTGTTGT,1.4609306244952485
5387607,0.0424913150938796,GGAAGGGATGACTATGTCCGGTACCTGTAAGGCATGTGGAGTGCTGT,
5387608,5.608853592392117,GGAAGGGATGACTATGTCCGGTACCTGTAAGGCATGTGGAGTGTTGC,2.3374889991923977
5387609,52.264317565472,GGAAGGGATGACTATGTCCGGTACCTGTAAGGCATGTGGAGTGTTGT,18.992098118438232
5387632,10.4528635130944,GGAAGGGATGACTATGTCCGGTACCTGTAAGGCGTGCGGAGTGTTGC,1.753116749394298
5387633,93.90580635747408,GGAAGGGATGACTATGTCCGGTACCTGTAAGGCGTGCGGAGTGTTGT,23.374889991923972
5387643,0.127473945281639,GGAAGGGATGACTATGTCCGGTACCTGTAAGGCGTGTGGAGTGCTGC,
5387644,0.2974392056571577,GGAAGGGATGACTATGTCCGGTACCTGTAAGGCGTGTGGAGTGCTGT,0.2921861248990497
5387645,35.18280889773237,GGAAGGGATGACTATGTCCGGTACCTGTAAGGCGTGTGGAGTGTTGC,24.835820616419223
5387646,267.27037194050314,GGAAGGGATGACTATGTCCGGTACCTGTAAGGCGTGTGGAGTGTTGT,262.67532628424567
5387976,0.0849826301877593,GGAAGGGATGACTATGTCCGGTACCTGTTAGGCATGCGGAGTGCTGC,
5387977,0.5523870962204358,GGAAGGGATGACTATGTCCGGTACCTGTTAGGCATGCGGAGTGTTGC,
5387978,9.390580635747408,GGAAGGGATGACTATGTCCGGTACCTGTTAGGCATGCGGAGTGTTGT,1.753116749394298
5387988,2.294531015069502,GGAAGGGATGACTATGTCCGGTACCTGTTAGGCATGTGGAGTGTTGC,0.2921861248990497
5387989,19.036109162058093,GGAAGGGATGACTATGTCCGGTACCTGTTAGGCATGTGGAGTGTTGT,6.720280872678143
5388017,0.0849826301877593,GGAAGGGATGACTATGTCCGGTACCTGTTAGGCGTGCGGAGTGCTGT,
5388018,6.373697264081951,GGAAGGGATGACTATGTCCGGTACCTGTTAGGCGTGCGGAGTGTTGC,0.2921861248990497
5388019,68.41101730114627,GGAAGGGATGACTATGTCCGGTACCTGTTAGGCGTGCGGAGTGTTGT,16.654609119245833
5388030,0.1699652603755187,GGAAGGGATGACTATGTCCGGTACCTGTTAGGCGTGTGGAGTGCTGT,
5388032,20.183374669592848,GGAAGGGATGACTATGTCCGGTACCTGTTAGGCGTGTGGAGTGTTGC,12.856189495558189
5388033,179.90822810748654,GGAAGGGATGACTATGTCCGGTACCTGTTAGGCGTGTGGAGTGTTGT,138.7884093270486
5389270,0.382421835844917,GGAAGGGATGACTATGTCCGGTACCTTTAAGGCATGCGGAGTGTTGC,0.5843722497980994
5389271,10.197915622531122,GGAAGGGATGACTATGTCCGGTACCTTTAAGGCATGCGGAGTGTTGT,3.798419623687646
5389284,,GGAAGGGATGACTATGTCCGGTACCTTTAAGGCATGTGGAGTGCTGC,0.2921861248990497
5389285,1.9970918094123449,GGAAGGGATGACTATGTCCGGTACCTTTAAGGCATGTGGAGTGTTGC,1.753116749394298
5389286,25.537280371421684,GGAAGGGATGACTATGTCCGGTACCTTTAAGGCATGTGGAGTGTTGT,8.765583746971492
5389327,0.0849826301877593,GGAAGGGATGACTATGTCCGGTACCTTTAAGGCGTGCGGAGTGCTGT,
5389328,7.903384607461619,GGAAGGGATGACTATGTCCGGTACCTTTAAGGCGTGCGGAGTGTTGC,1.753116749394298
5389329,106.82316614601348,GGAAGGGATGACTATGTCCGGTACCTTTAAGGCGTGCGGAGTGTTGT,34.47796273808786
5389340,0.0849826301877593,GGAAGGGATGACTATGTCCGGTACCTTTAAGGCGTGTGGAGTGCTGC,
5389341,0.3399305207510374,GGAAGGGATGACTATGTCCGGTACCTTTAAGGCGTGTGGAGTGCTGT,
5389342,25.027384590295128,GGAAGGGATGACTATGTCCGGTACCTTTAAGGCGTGTGGAGTGTTGC,18.11553974374108
5389343,235.8267987710322,GGAAGGGATGACTATGTCCGGTACCTTTAAGGCGTGTGGAGTGTTGT,186.12256156069463
5389880,0.5948784113143154,GGAAGGGATGACTATGTCCGGTACCTTTTAGGCATGCGGAGTGTTGC,0.2921861248990497
5389881,24.64496275445021,GGAAGGGATGACTATGTCCGGTACCTTTTAGGCATGCGGAGTGTTGT,7.304653122476242
5389899,,GGAAGGGATGACTATGTCCGGTACCTTTTAGGCATGTGGAGTGCTGT,0.2921861248990497
5389900,6.841101730114628,GGAAGGGATGACTATGTCCGGTACCTTTTAGGCATGTGGAGTGTTGC,2.6296751240914475
5389901,56.85337959561101,GGAAGGGATGACTATGTCCGGTACCTTTTAGGCATGTGGAGTGTTGT,33.01703211359261
5389950,0.0424913150938796,GGAAGGGATGACTATGTCCGGTACCTTTTAGGCGTGCGGAGTGCTGC,
5389951,0.0849826301877593,GGAAGGGATGACTATGTCCGGTACCTTTTAGGCGTGCGGAGTGCTGT,
5389952,20.310848614874484,GGAAGGGATGACTATGTCCGGTACCTTTTAGGCGTGCGGAGTGTTGC,2.6296751240914475
5389953,220.3174687617661,GGAAGGGATGACTATGTCCGGTACCTTTTAGGCGTGCGGAGTGTTGT,63.69657522799284
5389965,0.0424913150938796,GGAAGGGATGACTATGTCCGGTACCTTTTAGGCGTGTGGAGTGCTGC,0.2921861248990497
5389966,0.127473945281639,GGAAGGGATGACTATGTCCGGTACCTTTTAGGCGTGTGGAGTGCTGT,
5389967,48.99248630324327,GGAAGGGATGACTATGTCCGGTACCTTTTAGGCGTGTGGAGTGTTGC,36.815451737280256
5389968,445.18150823857735,GGAAGGGATGACTATGTCCGGTACCTTTTAGGCGTGTGGAGTGTTGT,385.97787099164464
5399335,0.0849826301877593,GGAAGGGATGACTATGTCCGGTTCCTGTAAGGCATGCGGAGTGCTGT,
5399336,6.161240688612553,GGAAGGGATGACTATGTCCGGTTCCTGTAAGGCATGCGGAGTGTTGC,0.876558374697149
5399337,58.42555825408455,GGAAGGGATGACTATGTCCGGTTCCTGTAAGGCATGCGGAGTGTTGT,24.543634491520173
5399351,0.127473945281639,GGAAGGGATGACTATGTCCGGTTCCTGTAAGGCATGTGGAGTGCTGT,
5399352,22.647870945037862,GGAAGGGATGACTATGTCCGGTTCCTGTAAGGCATGTGGAGTGTTGC,11.687444995961988
5399353,174.76677898112712,GGAAGGGATGACTATGTCCGGTTCCTGTAAGGCATGTGGAGTGTTGT,123.01035858249992
5399387,0.0424913150938796,GGAAGGGATGACTATGTCCGGTTCCTGTAAGGCGTGCGGAGTGCTGT,0.2921861248990497
5399388,35.26779152792013,GGAAGGGATGACTATGTCCGGTTCCTGTAAGGCGTGCGGAGTGTTGC,26.00456511601542
5399389,273.1341734234585,GGAAGGGATGACTATGTCCGGTTCCTGTAAGGCGTGCGGAGTGTTGT,249.52695066378843
5399402,0.254947890563278,GGAAGGGATGACTATGTCCGGTTCCTGTAAGGCGTGTGGAGTGCTGC,0.2921861248990497
5399403,0.5098957811265561,GGAAGGGATGACTATGTCCGGTTCCTGTAAGGCGTGTGGAGTGCTGT,
5399404,61.35745899556225,GGAAGGGATGACTATGTCCGGTTCCTGTAAGGCGTGTGGAGTGTTGC,75.67620634885387
5399405,431.83923529909913,GGAAGGGATGACTATGTCCGGTTCCTGTAAGGCGTGTGGAGTGTTGT,678.4561820155934
5399827,1.4022133980980291,GGAAGGGATGACTATGTCCGGTTCCTGTTAGGCATGCGGAGTGTTGC,0.2921861248990497
5399828,31.061151333626043,GGAAGGGATGACTATGTCCGGTTCCTGTTAGGCATGCGGAGTGTTGT,12.271817245760086
5399842,,GGAAGGGATGACTATGTCCGGTTCCTGTTAGGCATGTGGAGTGCTGT,0.2921861248990497
5399845,7.520962771616702,GGAAGGGATGACTATGTCCGGTTCCTGTTAGGCATGTGGAGTGTTGC,6.135908622880043
5399846,74.48727535957107,GGAAGGGATGACTATGTCCGGTTCCTGTTAGGCATGTGGAGTGTTGT,45.58103548425175
5399883,0.0424913150938796,GGAAGGGATGACTATGTCCGGTTCCTGTTAGGCGTGCGGAGTGCTGC,
5399884,0.127473945281639,GGAAGGGATGACTATGTCCGGTTCCTGTTAGGCGTGCGGAGTGCTGT,
5399885,23.37022330163382,GGAAGGGATGACTATGTCCGGTTCCTGTTAGGCGTGCGGAGTGTTGC,14.317120120053437
5399886,239.3535779238242,GGAAGGGATGACTATGTCCGGTTCCTGTTAGGCGTGCGGAGTGTTGT,192.55065630847372
5399897,0.2124565754693983,GGAAGGGATGACTATGTCCGGTTCCTGTTAGGCGTGTGGAGTGCTGC,0.2921861248990497
5399898,0.1699652603755187,GGAAGGGATGACTATGTCCGGTTCCTGTTAGGCGTGTGGAGTGCTGT,0.5843722497980994
5399899,44.48840690329202,GGAAGGGATGACTATGTCCGGTTCCTGTTAGGCGTGTGGAGTGTTGC,45.8732216091508
5399900,335.7663718718372,GGAAGGGATGACTATGTCCGGTTCCTGTTAGGCGTGTGGAGTGTTGT,477.4321280850472
5401480,,GGAAGGGATGACTATGTCCGGTTCCTTTAAGGCATGCGGAGTGCTGT,0.2921861248990497
5401481,1.0197915622531122,GGAAGGGATGACTATGTCCGGTTCCTTTAAGGCATGCGGAGTGTTGC,0.5843722497980994
5401482,23.15776672616442,GGAAGGGATGACTATGTCCGGTTCCTTTAAGGCATGCGGAGTGTTGT,6.135908622880043
5401496,0.0849826301877593,GGAAGGGATGACTATGTCCGGTTCCTTTAAGGCATGTGGAGTGCTGT,
5401497,5.481379647110478,GGAAGGGATGACTATGTCCGGTTCCTTTAAGGCATGTGGAGTGTTGC,1.1687444995961989
5401498,53.19912649753735,GGAAGGGATGACTATGTCCGGTTCCTTTAAGGCATGTGGAGTGTTGT,35.06233498788597
5401552,0.127473945281639,GGAAGGGATGACTATGTCCGGTTCCTTTAAGGCGTGCGGAGTGCTGT,
5401553,16.316664996049795,GGAAGGGATGACTATGTCCGGTTCCTTTAAGGCGTGCGGAGTGTTGC,5.5515363730819445
5401554,195.0776275960016,GGAAGGGATGACTATGTCCGGTTCCTTTAAGGCGTGCGGAGTGTTGT,97.0057934664845
5401567,,GGAAGGGATGACTATGTCCGGTTCCTTTAAGGCGTGTGGAGTGCTGC,0.2921861248990497
5401568,0.1699652603755187,GGAAGGGATGACTATGTCCGGTTCCTTTAAGGCGTGTGGAGTGCTGT,
5401569,37.60481385808352,GGAAGGGATGACTATGTCCGGTTCCTTTAAGGCGTGTGGAGTGTTGC,31.84828761399642
5401570,373.8810815110473,GGAAGGGATGACTATGTCCGGTTCCTTTAAGGCGTGTGGAGTGTTGT,391.8215934896256
5402312,0.0849826301877593,GGAAGGGATGACTATGTCCGGTTCCTTTTAGGCATGCGGAGTGCTGC,
5402313,,GGAAGGGATGACTATGTCCGGTTCCTTTTAGGCATGCGGAGTGCTGT,0.2921861248990497
5402314,1.9970918094123449,GGAAGGGATGACTATGTCCGGTTCCTTTTAGGCATGCGGAGTGTTGC,0.2921861248990497
5402315,56.216009869202814,GGAAGGGATGACTATGTCCGGTTCCTTTTAGGCATGCGGAGTGTTGT,19.86865649313538
5402340,0.1699652603755187,GGAAGGGATGACTATGTCCGGTTCCTTTTAGGCATGTGGAGTGCTGT,
5402341,14.489538447012968,GGAAGGGATGACTATGTCCGGTTCCTTTTAGGCATGTGGAGTGTTGC,8.181211497173392
5402342,141.7935184682765,GGAAGGGATGACTATGTCCGGTTCCTTTTAGGCATGTGGAGTGTTGT,89.70114034400825
5402402,0.1699652603755187,GGAAGGGATGACTATGTCCGGTTCCTTTTAGGCGTGCGGAGTGCTGT,0.2921861248990497
5402403,39.7293796127775,GGAAGGGATGACTATGTCCGGTTCCTTTTAGGCGTGCGGAGTGTTGC,15.778050744548684
5402404,422.9160591293844,GGAAGGGATGACTATGTCCGGTTCCTTTTAGGCGTGCGGAGTGTTGT,226.4442467967635
5402422,0.254947890563278,GGAAGGGATGACTATGTCCGGTTCCTTTTAGGCGTGTGGAGTGCTGC,
5402423,0.4674044660326764,GGAAGGGATGACTATGTCCGGTTCCTTTTAGGCGTGTGGAGTGCTGT,
5402425,92.33362769900052,GGAAGGGATGACTATGTCCGGTTCCTTTTAGGCGTGTGGAGTGTTGC,82.98085947133012
5402426,747.6771803919067,GGAAGGGATGACTATGTCCGGTTCCTTTTAGGCGTGTGGAGTGTTGT,949.6049059219116
